<?xml version="1.0" encoding="UTF-8"?><idempiere Name="AD_Element" Version="1.0.0" idempiereVersion="7.1.0.202010310004" DataBaseVersion="2019-11-22" Description="" Author="aRodriguez" AuthorEmail="" CreatedDate="Thu Nov 12 15:51:52 VET 2020" UpdatedDate="Thu Nov 12 15:51:52 VET 2020" PackOutVersion="100" UpdateDictionary="true" Client="0-SYSTEM-System" AD_Client_UU="11237b53-9592-4af1-b3c5-afd216514b5d">
    <AD_Element type="table">
        <AD_Client_ID>0</AD_Client_ID>
        <AD_Org_ID>0</AD_Org_ID>
        <IsActive>Y</IsActive>
        <ColumnName>IsImported</ColumnName>
        <Name>IsImported</Name>
        <Description>IsImported</Description>
        <Help/>
        <PrintName>IsImported</PrintName>
        <PO_Description/>
        <PO_Help/>
        <PO_Name/>
        <PO_PrintName/>
        <EntityType>FTU</EntityType>
        <AD_Element_UU>de57aecb-5971-41ba-8bb5-43745bee276d</AD_Element_UU>
        <Placeholder/>
        <AD_Element_Trl type="translation">
            <Description>Importacion</Description>
            <Help/>
            <Name>Importacion</Name>
            <Placeholder/>
            <PO_Description/>
            <PO_Help/>
            <PO_Name/>
            <PO_PrintName/>
            <PrintName>Importacion</PrintName>
            <AD_Language>es_CO</AD_Language>
            <IsActive>Y</IsActive>
            <IsTranslated>N</IsTranslated>
        </AD_Element_Trl>
    </AD_Element>
</idempiere>
