<?xml version="1.0" encoding="UTF-8"?><idempiere Name="org.globalqss.idempiere.LCO.withholdings_2.3.4" Version="2.3.4" idempiereVersion="" DataBaseVersion="" Description="" Author="" AuthorEmail="" CreatedDate="2020-11-11 21:07:55.516" UpdatedDate="2020-11-11 21:07:55.516" PackOutVersion="100" UpdateDictionary="false" Client="0-SYSTEM-System" AD_Client_UU="11237b53-9592-4af1-b3c5-afd216514b5d">
    <SQLStatement type="custom">
        <DBType>Postgres</DBType>
        <statement>
            <![CDATA[
CREATE OR REPLACE VIEW adempiere.ftu_withholdingvouchersrc
AS SELECT inv.c_invoice_id AS ftu_withholdingvouchersrc_id,
    wt.lco_withholdingtype_id,
    inv.ad_org_id,
    inv.c_bpartner_id,
    inv.c_invoice_id,
    inv.dateacct,
     inv.grandtotal AS openamt,
    inv.grandtotal,
    inv.c_currency_id,
    inv.ad_client_id,
    'Y'::text AS isactive,
    inv.issotrx,    
    inv.dateacct AS dateto,
    inv.totallines
   FROM lco_withholdingtype wt
     JOIN ad_org o ON 1 = 1
     JOIN ( SELECT DISTINCT i.ad_client_id,
            i.ad_org_id,
            i.c_bpartner_id,
            i.c_invoice_id,
            i.dateacct,
            i.c_currency_id,
            i.grandtotal,
            --invoiceopen(i.c_invoice_id, 0::numeric) AS openamt,
            'IVA'::text AS wtype,
            i.issotrx,
            i.totallines 
           FROM c_invoice i
             JOIN c_doctype cd ON cd.c_doctype_id = i.c_doctype_id
          WHERE NOT (EXISTS ( SELECT 1
                   FROM lco_invoicewithholding iw
                     JOIN lve_voucherwithholding vo ON iw.lve_voucherwithholding_id = vo.lve_voucherwithholding_id
                  WHERE iw.c_invoice_id = i.c_invoice_id AND (vo.docstatus::text = ANY (ARRAY['CO'::character varying::text, 'CL'::character varying::text])) AND (iw.lco_withholdingtype_id IN ( SELECT lco_withholdingtype.lco_withholdingtype_id
                           FROM lco_withholdingtype
                          WHERE lco_withholdingtype.type::text = 'IVA'::text)))) AND i.grandtotal > i.totallines AND i.docstatus IN ('CO','CL') AND cd.generatewithholding = 'Y'::bpchar AND i.ispaid = 'N'::bpchar
        UNION
         SELECT DISTINCT i.ad_client_id,
            i.ad_org_id,
            i.c_bpartner_id,
            i.c_invoice_id,
            i.dateacct,
            i.c_currency_id,
            i.grandtotal,
            --invoiceopen(i.c_invoice_id, 0::numeric) AS openamt,
            'ISLR'::text AS wtype
            ,i.issotrx 
            ,i.totallines 
           FROM c_invoice i
             JOIN c_doctype cd ON cd.c_doctype_id = i.c_doctype_id
             JOIN c_invoiceline il ON i.c_invoice_id = il.c_invoice_id
             LEFT JOIN c_charge c ON il.c_charge_id = c.c_charge_id
             LEFT JOIN m_product p ON il.m_product_id = p.m_product_id
          WHERE NOT (EXISTS ( SELECT 1
                   FROM lco_invoicewithholding iw
                     JOIN lve_voucherwithholding vo ON iw.lve_voucherwithholding_id = vo.lve_voucherwithholding_id
                  WHERE iw.c_invoice_id = i.c_invoice_id AND (vo.docstatus::text = ANY (ARRAY['CO'::character varying::text, 'CL'::character varying::text])) AND (iw.lco_withholdingtype_id IN ( SELECT lco_withholdingtype.lco_withholdingtype_id
                           FROM lco_withholdingtype
                          WHERE lco_withholdingtype.type::text = 'ISLR'::text)))) AND i.grandtotal > i.totallines AND i.docstatus IN ('CO','CL') AND cd.generatewithholding = 'Y'::bpchar AND i.ispaid = 'N'::bpchar AND (c.lco_withholdingcategory_id > 0::numeric OR p.lco_withholdingcategory_id > 0::numeric)
        UNION
         SELECT DISTINCT i.ad_client_id,
            i.ad_org_id,
            i.c_bpartner_id,
            i.c_invoice_id,
            i.dateacct,
            i.c_currency_id,
            i.grandtotal,
            --invoiceopen(i.c_invoice_id, 0::numeric) AS openamt,
            'IAE'::text AS wtype,
            i.issotrx 
            ,i.totallines 
           FROM c_invoice i
             JOIN c_doctype cd ON cd.c_doctype_id = i.c_doctype_id
             JOIN c_bpartner bp ON bp.c_bpartner_id = i.c_bpartner_id
          WHERE NOT (EXISTS ( SELECT 1
                   FROM lco_invoicewithholding iw
                     JOIN lve_voucherwithholding vo ON iw.lve_voucherwithholding_id = vo.lve_voucherwithholding_id
                  WHERE iw.c_invoice_id = i.c_invoice_id AND (vo.docstatus::text = ANY (ARRAY['CO'::character varying::text, 'CL'::character varying::text])) AND (iw.lco_withholdingtype_id IN ( SELECT lco_withholdingtype.lco_withholdingtype_id
                           FROM lco_withholdingtype
                          WHERE lco_withholdingtype.type::text = 'IAE'::text)))) AND i.grandtotal > i.totallines AND i.docstatus IN ('CO','CL') AND cd.generatewithholding = 'Y'::bpchar AND bp.lco_isic_id > 0::numeric AND i.ispaid = 'N'::bpchar) inv ON wt.type::text = inv.wtype AND o.ad_org_id = inv.ad_org_id AND wt.issotrx= inv.issotrx ;
]]>
        </statement>
    </SQLStatement>
    <AD_Column type="table">
        <IsSyncDatabase>Y</IsSyncDatabase>
        <AD_Table_ID reference="uuid" reference-key="AD_Table">4f99eb98-8933-427d-a25f-84548b8b1739</AD_Table_ID>
        <AD_Reference_Value_ID reference="id"/>
        <AD_Client_ID>0</AD_Client_ID>
        <AD_Org_ID>0</AD_Org_ID>
        <Version>0.0</Version>
        <Name>Sales Transaction</Name>
        <Description>This is a Sales Transaction</Description>
        <Help>The Sales Transaction checkbox indicates if this item is a Sales Transaction.</Help>
        <AD_Val_Rule_ID reference="id"/>
        <ColumnName>IsSOTrx</ColumnName>
        <DefaultValue/>
        <FieldLength>1</FieldLength>
        <IsKey>N</IsKey>
        <IsParent>N</IsParent>
        <IsMandatory>N</IsMandatory>
        <IsTranslated>N</IsTranslated>
        <IsIdentifier>N</IsIdentifier>
        <SeqNo/>
        <IsEncrypted>N</IsEncrypted>
        <AD_Reference_ID reference="id">20</AD_Reference_ID>
        <IsActive>Y</IsActive>
        <VFormat/>
        <Callout/>
        <AD_Element_ID reference="id">1106</AD_Element_ID>
        <IsUpdateable>N</IsUpdateable>
        <AD_Process_ID reference="id"/>
        <ValueMin/>
        <ValueMax/>
        <IsSelectionColumn>N</IsSelectionColumn>
        <ReadOnlyLogic/>
        <EntityType>FTU</EntityType>
        <IsAlwaysUpdateable>N</IsAlwaysUpdateable>
        <ColumnSQL/>
        <MandatoryLogic/>
        <IsAutocomplete>N</IsAutocomplete>
        <IsAllowLogging>Y</IsAllowLogging>
        <FormatPattern/>
        <AD_Chart_ID reference="id"/>
        <AD_Column_UU>cf0e5006-8afc-4a75-a5cf-b4a41b794e26</AD_Column_UU>
        <IsAllowCopy>Y</IsAllowCopy>
        <SeqNoSelection/>
        <IsToolbarButton>N</IsToolbarButton>
        <IsSecure>N</IsSecure>
        <FKConstraintName/>
        <FKConstraintType>N</FKConstraintType>
        <PA_DashboardContent_ID reference="id"/>
        <Placeholder/>
        <IsHtml>N</IsHtml>
    </AD_Column>
    <AD_Column type="table">
        <IsSyncDatabase>Y</IsSyncDatabase>
        <AD_Table_ID reference="uuid" reference-key="AD_Table">4f99eb98-8933-427d-a25f-84548b8b1739</AD_Table_ID>
        <AD_Reference_Value_ID reference="id"/>
        <AD_Client_ID>0</AD_Client_ID>
        <AD_Org_ID>0</AD_Org_ID>
        <Version>0.0</Version>
        <Name>Date To</Name>
        <Description>End date of a date range</Description>
        <Help>The Date To indicates the end date of a range (inclusive)</Help>
        <AD_Val_Rule_ID reference="id"/>
        <ColumnName>DateTo</ColumnName>
        <DefaultValue/>
        <FieldLength>29</FieldLength>
        <IsKey>N</IsKey>
        <IsParent>N</IsParent>
        <IsMandatory>N</IsMandatory>
        <IsTranslated>N</IsTranslated>
        <IsIdentifier>N</IsIdentifier>
        <SeqNo/>
        <IsEncrypted>N</IsEncrypted>
        <AD_Reference_ID reference="id">15</AD_Reference_ID>
        <IsActive>Y</IsActive>
        <VFormat/>
        <Callout/>
        <AD_Element_ID reference="id">1582</AD_Element_ID>
        <IsUpdateable>N</IsUpdateable>
        <AD_Process_ID reference="id"/>
        <ValueMin/>
        <ValueMax/>
        <IsSelectionColumn>N</IsSelectionColumn>
        <ReadOnlyLogic/>
        <EntityType>FTU</EntityType>
        <IsAlwaysUpdateable>N</IsAlwaysUpdateable>
        <ColumnSQL/>
        <MandatoryLogic/>
        <IsAutocomplete>N</IsAutocomplete>
        <IsAllowLogging>Y</IsAllowLogging>
        <FormatPattern/>
        <AD_Chart_ID reference="id"/>
        <AD_Column_UU>0e58cae6-744b-49e4-bf2d-0f5a161f1c42</AD_Column_UU>
        <IsAllowCopy>Y</IsAllowCopy>
        <SeqNoSelection/>
        <IsToolbarButton>N</IsToolbarButton>
        <IsSecure>N</IsSecure>
        <FKConstraintName/>
        <FKConstraintType>N</FKConstraintType>
        <PA_DashboardContent_ID reference="id"/>
        <Placeholder/>
        <IsHtml>N</IsHtml>
    </AD_Column>
    <AD_Column type="table">
        <IsSyncDatabase>Y</IsSyncDatabase>
        <AD_Table_ID reference="uuid" reference-key="AD_Table">4f99eb98-8933-427d-a25f-84548b8b1739</AD_Table_ID>
        <AD_Reference_Value_ID reference="id"/>
        <AD_Client_ID>0</AD_Client_ID>
        <AD_Org_ID>0</AD_Org_ID>
        <Version>0.0</Version>
        <Name>Total Lines</Name>
        <Description>Total of all document lines</Description>
        <Help>The Total amount displays the total of all lines in document currency</Help>
        <AD_Val_Rule_ID reference="id"/>
        <ColumnName>TotalLines</ColumnName>
        <DefaultValue/>
        <FieldLength>131089</FieldLength>
        <IsKey>N</IsKey>
        <IsParent>N</IsParent>
        <IsMandatory>N</IsMandatory>
        <IsTranslated>N</IsTranslated>
        <IsIdentifier>N</IsIdentifier>
        <SeqNo/>
        <IsEncrypted>N</IsEncrypted>
        <AD_Reference_ID reference="id">12</AD_Reference_ID>
        <IsActive>Y</IsActive>
        <VFormat/>
        <Callout/>
        <AD_Element_ID reference="id">598</AD_Element_ID>
        <IsUpdateable>N</IsUpdateable>
        <AD_Process_ID reference="id"/>
        <ValueMin/>
        <ValueMax/>
        <IsSelectionColumn>N</IsSelectionColumn>
        <ReadOnlyLogic/>
        <EntityType>FTU</EntityType>
        <IsAlwaysUpdateable>N</IsAlwaysUpdateable>
        <ColumnSQL/>
        <MandatoryLogic/>
        <IsAutocomplete>N</IsAutocomplete>
        <IsAllowLogging>Y</IsAllowLogging>
        <FormatPattern/>
        <AD_Chart_ID reference="id"/>
        <AD_Column_UU>fdf2ffea-11b3-445d-9f11-13930bec7e66</AD_Column_UU>
        <IsAllowCopy>Y</IsAllowCopy>
        <SeqNoSelection/>
        <IsToolbarButton>N</IsToolbarButton>
        <IsSecure>N</IsSecure>
        <FKConstraintName/>
        <FKConstraintType>N</FKConstraintType>
        <PA_DashboardContent_ID reference="id"/>
        <Placeholder/>
        <IsHtml>N</IsHtml>
    </AD_Column>
    <AD_Process_Para type="table">
        <AD_Client_ID>0</AD_Client_ID>
        <AD_Org_ID>0</AD_Org_ID>
        <IsActive>Y</IsActive>
        <Name>Currency</Name>
        <Description>The Currency for this record</Description>
        <Help>Indicates the Currency to be used when processing or reporting on this record</Help>
        <AD_Process_ID reference="uuid" reference-key="AD_Process">be0a0b45-fc50-417d-87a0-fe687058d507</AD_Process_ID>
        <SeqNo>17</SeqNo>
        <AD_Reference_ID reference="id">19</AD_Reference_ID>
        <AD_Reference_Value_ID reference="id"/>
        <IsRange>N</IsRange>
        <AD_Val_Rule_ID reference="id"/>
        <FieldLength>0</FieldLength>
        <IsMandatory>Y</IsMandatory>
        <DefaultValue>1000000</DefaultValue>
        <VFormat/>
        <ValueMin/>
        <ValueMax/>
        <ColumnName>C_Currency_ID</ColumnName>
        <DefaultValue2/>
        <IsCentrallyMaintained>Y</IsCentrallyMaintained>
        <EntityType>FTU</EntityType>
        <AD_Element_ID reference="id">193</AD_Element_ID>
        <ReadOnlyLogic/>
        <DisplayLogic/>
        <AD_Process_Para_UU>4510f4c4-e718-452e-87f2-6d87b2945e0d</AD_Process_Para_UU>
        <IsEncrypted>N</IsEncrypted>
        <MandatoryLogic/>
        <Placeholder/>
        <Placeholder2/>
        <AD_Process_Para_Trl type="translation">
            <Help>Indica la moneda a ser usada cuando se procese o Informe este registro</Help>
            <Name>Moneda</Name>
            <Description>Moneda para este registro</Description>
            <Placeholder/>
            <Placeholder2/>
            <AD_Language>es_CO</AD_Language>
            <IsActive>Y</IsActive>
            <IsTranslated>Y</IsTranslated>
        </AD_Process_Para_Trl>
    </AD_Process_Para>
    <AD_Process_Para type="table">
        <AD_Client_ID>0</AD_Client_ID>
        <AD_Org_ID>0</AD_Org_ID>
        <IsActive>Y</IsActive>
        <Name>Currency Type</Name>
        <Description>Currency Conversion Rate Type</Description>
        <Help>The Currency Conversion Rate Type lets you define different type of rates, e.g. Spot, Corporate and/or Sell/Buy rates.</Help>
        <AD_Process_ID reference="uuid" reference-key="AD_Process">be0a0b45-fc50-417d-87a0-fe687058d507</AD_Process_ID>
        <SeqNo>19</SeqNo>
        <AD_Reference_ID reference="id">19</AD_Reference_ID>
        <AD_Reference_Value_ID reference="id"/>
        <IsRange>N</IsRange>
        <AD_Val_Rule_ID reference="id"/>
        <FieldLength>0</FieldLength>
        <IsMandatory>Y</IsMandatory>
        <DefaultValue>1000002</DefaultValue>
        <VFormat/>
        <ValueMin/>
        <ValueMax/>
        <ColumnName>C_ConversionType_ID</ColumnName>
        <DefaultValue2/>
        <IsCentrallyMaintained>Y</IsCentrallyMaintained>
        <EntityType>FTU</EntityType>
        <AD_Element_ID reference="id">2278</AD_Element_ID>
        <ReadOnlyLogic/>
        <DisplayLogic/>
        <AD_Process_Para_UU>d3626c9b-c914-43e4-b679-40c61524ac6a</AD_Process_Para_UU>
        <IsEncrypted>N</IsEncrypted>
        <MandatoryLogic/>
        <Placeholder/>
        <Placeholder2/>
        <AD_Process_Para_Trl type="translation">
            <Help>El tipo del índice de conversión de monedas le deja definir diversos tipos de tarifas, tarifas ej. del punto, corporativas y/o de Ventas/Compras.</Help>
            <Name>Tipo de Conversión</Name>
            <Description>Tipo de índice de conversión de moneda</Description>
            <Placeholder/>
            <Placeholder2/>
            <AD_Language>es_CO</AD_Language>
            <IsActive>Y</IsActive>
            <IsTranslated>Y</IsTranslated>
        </AD_Process_Para_Trl>
    </AD_Process_Para>
    <AD_InfoColumn type="table">
        <AD_Client_ID>0</AD_Client_ID>
        <AD_Org_ID>0</AD_Org_ID>
        <IsActive>Y</IsActive>
        <Name>Open Amount</Name>
        <Description>Open item amount</Description>
        <Help/>
        <AD_InfoWindow_ID reference="uuid" reference-key="AD_InfoWindow">da7985b5-98ec-425a-adc0-466613df5d09</AD_InfoWindow_ID>
        <EntityType>FTU</EntityType>
        <SelectClause>a.OpenAmt</SelectClause>
        <SeqNo>60</SeqNo>
        <IsDisplayed>N</IsDisplayed>
        <IsQueryCriteria>N</IsQueryCriteria>
        <AD_Element_ID reference="id">1526</AD_Element_ID>
        <AD_Reference_ID reference="id">12</AD_Reference_ID>
        <AD_InfoColumn_UU>4d99b97f-c033-403d-8d2e-fb822a2ff9e6</AD_InfoColumn_UU>
        <AD_Reference_Value_ID reference="id"/>
        <AD_Val_Rule_ID reference="id"/>
        <IsCentrallyMaintained>Y</IsCentrallyMaintained>
        <DisplayLogic/>
        <ColumnName>OpenAmt</ColumnName>
        <QueryOperator>=</QueryOperator>
        <QueryFunction/>
        <IsIdentifier>N</IsIdentifier>
        <SeqNoSelection>0</SeqNoSelection>
        <DefaultValue/>
        <IsMandatory>N</IsMandatory>
        <IsKey>N</IsKey>
        <IsReadOnly>Y</IsReadOnly>
        <Placeholder/>
        <InputFieldValidation/>
        <AD_FieldStyle_ID reference="id"/>
        <AD_InfoColumn_Trl type="translation">
            <Help/>
            <Description>Total abierto de la partida</Description>
            <Name>Total Abierto</Name>
            <Placeholder/>
            <AD_Language>es_CO</AD_Language>
            <IsActive>Y</IsActive>
            <IsTranslated>Y</IsTranslated>
        </AD_InfoColumn_Trl>
    </AD_InfoColumn>
    <AD_InfoColumn type="table">
        <AD_Client_ID>0</AD_Client_ID>
        <AD_Org_ID>0</AD_Org_ID>
        <IsActive>Y</IsActive>
        <Name>Account Date</Name>
        <Description>Accounting Date</Description>
        <Help>The Accounting Date indicates the date to be used on the General Ledger account entries generated from this document. It is also used for any currency conversion.</Help>
        <AD_InfoWindow_ID reference="uuid" reference-key="AD_InfoWindow">da7985b5-98ec-425a-adc0-466613df5d09</AD_InfoWindow_ID>
        <EntityType>FTU</EntityType>
        <SelectClause>a.DateAcct</SelectClause>
        <SeqNo>20</SeqNo>
        <IsDisplayed>Y</IsDisplayed>
        <IsQueryCriteria>Y</IsQueryCriteria>
        <AD_Element_ID reference="id">263</AD_Element_ID>
        <AD_Reference_ID reference="id">15</AD_Reference_ID>
        <AD_InfoColumn_UU>6c4f6572-5f84-419e-99f3-5d941bf62ed2</AD_InfoColumn_UU>
        <AD_Reference_Value_ID reference="id"/>
        <AD_Val_Rule_ID reference="id"/>
        <IsCentrallyMaintained>Y</IsCentrallyMaintained>
        <DisplayLogic/>
        <ColumnName>DateAcct</ColumnName>
        <QueryOperator>&gt;</QueryOperator>
        <QueryFunction/>
        <IsIdentifier>N</IsIdentifier>
        <SeqNoSelection>20</SeqNoSelection>
        <DefaultValue/>
        <IsMandatory>N</IsMandatory>
        <IsKey>N</IsKey>
        <IsReadOnly>Y</IsReadOnly>
        <Placeholder/>
        <InputFieldValidation/>
        <AD_FieldStyle_ID reference="id"/>
        <AD_InfoColumn_Trl type="translation">
            <Help>La fecha contable indica la fecha a ser usada en las cuentas de contabilidad general generadas desde este documento</Help>
            <Description>Fecha contable</Description>
            <Name>Fecha Contable</Name>
            <Placeholder/>
            <AD_Language>es_CO</AD_Language>
            <IsActive>Y</IsActive>
            <IsTranslated>Y</IsTranslated>
        </AD_InfoColumn_Trl>
    </AD_InfoColumn>
    <AD_InfoColumn type="table">
        <AD_Client_ID>0</AD_Client_ID>
        <AD_Org_ID>0</AD_Org_ID>
        <IsActive>Y</IsActive>
        <Name>Date To</Name>
        <Description>End date of a date range</Description>
        <Help>The Date To indicates the end date of a range (inclusive)</Help>
        <AD_InfoWindow_ID reference="uuid" reference-key="AD_InfoWindow">da7985b5-98ec-425a-adc0-466613df5d09</AD_InfoWindow_ID>
        <EntityType>U</EntityType>
        <SelectClause>a.DateTo</SelectClause>
        <SeqNo>90</SeqNo>
        <IsDisplayed>N</IsDisplayed>
        <IsQueryCriteria>Y</IsQueryCriteria>
        <AD_Element_ID reference="id">1582</AD_Element_ID>
        <AD_Reference_ID reference="id">15</AD_Reference_ID>
        <AD_InfoColumn_UU>3bb94164-3e03-4905-8d0b-aeafe13cac87</AD_InfoColumn_UU>
        <AD_Reference_Value_ID reference="id"/>
        <AD_Val_Rule_ID reference="id"/>
        <IsCentrallyMaintained>Y</IsCentrallyMaintained>
        <DisplayLogic/>
        <ColumnName>DateTo</ColumnName>
        <QueryOperator>&lt;</QueryOperator>
        <QueryFunction/>
        <IsIdentifier>N</IsIdentifier>
        <SeqNoSelection>30</SeqNoSelection>
        <DefaultValue/>
        <IsMandatory>N</IsMandatory>
        <IsKey>N</IsKey>
        <IsReadOnly>Y</IsReadOnly>
        <Placeholder/>
        <InputFieldValidation/>
        <AD_FieldStyle_ID reference="id"/>
        <AD_InfoColumn_Trl type="translation">
            <Help>The Date To indicates the end date of a range (inclusive)</Help>
            <Description>End date of a date range</Description>
            <Name>Date To</Name>
            <Placeholder/>
            <AD_Language>es_CO</AD_Language>
            <IsActive>Y</IsActive>
            <IsTranslated>N</IsTranslated>
        </AD_InfoColumn_Trl>
    </AD_InfoColumn>
    <AD_InfoColumn type="table">
        <AD_Client_ID>0</AD_Client_ID>
        <AD_Org_ID>0</AD_Org_ID>
        <IsActive>Y</IsActive>
        <Name>Total Lines</Name>
        <Description>Total of all document lines</Description>
        <Help>The Total amount displays the total of all lines in document currency</Help>
        <AD_InfoWindow_ID reference="uuid" reference-key="AD_InfoWindow">da7985b5-98ec-425a-adc0-466613df5d09</AD_InfoWindow_ID>
        <EntityType>U</EntityType>
        <SelectClause>a.TotalLines</SelectClause>
        <SeqNo>100</SeqNo>
        <IsDisplayed>Y</IsDisplayed>
        <IsQueryCriteria>N</IsQueryCriteria>
        <AD_Element_ID reference="id">598</AD_Element_ID>
        <AD_Reference_ID reference="id">12</AD_Reference_ID>
        <AD_InfoColumn_UU>69f1f7db-e677-4068-9b54-0d1d8680d7c0</AD_InfoColumn_UU>
        <AD_Reference_Value_ID reference="id"/>
        <AD_Val_Rule_ID reference="id"/>
        <IsCentrallyMaintained>Y</IsCentrallyMaintained>
        <DisplayLogic/>
        <ColumnName>TotalLines</ColumnName>
        <QueryOperator/>
        <QueryFunction/>
        <IsIdentifier>N</IsIdentifier>
        <SeqNoSelection>0</SeqNoSelection>
        <DefaultValue/>
        <IsMandatory>N</IsMandatory>
        <IsKey>N</IsKey>
        <IsReadOnly>Y</IsReadOnly>
        <Placeholder/>
        <InputFieldValidation/>
        <AD_FieldStyle_ID reference="id"/>
        <AD_InfoColumn_Trl type="translation">
            <Help>The Total amount displays the total of all lines in document currency</Help>
            <Description>Total of all document lines</Description>
            <Name>Total Lines</Name>
            <Placeholder/>
            <AD_Language>es_CO</AD_Language>
            <IsActive>Y</IsActive>
            <IsTranslated>N</IsTranslated>
        </AD_InfoColumn_Trl>
    </AD_InfoColumn>
</idempiere>
